{
  "name": "APPLE 2020 Macbook Air M1 - (8 GB/256 GB SSD/Mac OS Big Sur) MGN63HN/A  (13.3 inch, Space Grey, 1.29 kg)APPLE 2020 Macbook Air M1 - (8 GB/256 GB SSD/Mac OS Big Sur) MGN63HN/A",
  "current_price": 84940,
  "original_price": 92900,
  "discounted": true,
  "discount_percent": 8,
  "rating": 4.7,
  "in_stock": true,
  "f_assured": true,
  "share_url": "https://www.flipkart.com/apple-2020-macbook-air-m1-8-gb-256-gb-ssd-mac-os-big-sur-mgn63hn-a/p/itmde54f026889ce",
  "seller": {
    "seller_name": "SuperComNet",
    "seller_rating": 4.6
  },
  "thumbnails": [
    "https://rukminim2.flixcart.com/image/416/416/kp5sya80/screen-guard/tempered-glass/o/v/n/apple-macbook-air-m1-13-3-inch-lightwings-original-imag3gh5xftgbpg3.jpeg?q=70"
  ],
  "highlights": [
    "Stylish & Portable Thin and Light Laptop",
    "13.3 inch Quad LED Backlit IPS Display (227 PPI, 400 nits Brightness, Wide Colour (P3), True Tone Technology)",
    "Light Laptop without Optical Disk Drive"
  ],
  "offers": [
    "Bank Offer : 10% off on Citi Credit/Debit Cards, up to ₹1500. On orders of ₹5000 and above",
    "Bank Offer : Additional Flat ₹500 off on Citi Credit Card and EMI transactions",
    "Bank Offer : 5% Unlimited Cashback on Flipkart Axis Bank Credit Card",
    "Partner Offer : Sign up for Flipkart Pay Later and get Flipkart Gift Card worth ₹100*"
  ],
  "specs": [
    {
      "title": "General",
      "details": [
        {
          "property": "Sales Package",
          "value": "MacBook Air, 30 W USB-C Power Adapter, USB-C Charge Cable (2m), User Guide, Warranty Documents"
        },
        {
          "property": "Model Number",
          "value": "MGN63HN/A"
        },
        {
          "property": "Part Number",
          "value": "MGN63HN/A"
        },
        {
          "property": "Series",
          "value": "2020 Macbook Air"
        },
        {
          "property": "Color",
          "value": "Space Grey"
        },
        {
          "property": "Type",
          "value": "Thin and Light Laptop"
        },
        {
          "property": "Suitable For",
          "value": "Processing & Multitasking"
        },
        {
          "property": "Battery Backup",
          "value": "Upto 15 Hours"
        },
        {
          "property": "Power Supply",
          "value": "30 W AC Adapter"
        },
        {
          "property": "MS Office Provided",
          "value": "No"
        }
      ]
    },
    {
      "title": "Processor And Memory Features",
      "details": [
        {
          "property": "Processor Brand",
          "value": "Apple"
        },
        {
          "property": "Processor Name",
          "value": "M1"
        },
        {
          "property": "SSD",
          "value": "Yes"
        },
        {
          "property": "SSD Capacity",
          "value": "256 GB"
        },
        {
          "property": "RAM",
          "value": "8 GB"
        },
        {
          "property": "RAM Type",
          "value": "DDR4"
        },
        {
          "property": "Processor Variant",
          "value": "Apple M1 Chip"
        },
        {
          "property": "Expandable Memory",
          "value": "Upto 16 GB"
        },
        {
          "property": "Graphic Processor",
          "value": "NA"
        },
        {
          "property": "Number of Cores",
          "value": "8"
        }
      ]
    },
    {
      "title": "Operating System",
      "details": [
        {
          "property": "Operating System",
          "value": "Mac OS Big Sur"
        }
      ]
    },
    {
      "title": "Port And Slot Features",
      "details": [
        {
          "property": "Mic In",
          "value": "Yes"
        },
        {
          "property": "USB Port",
          "value": "2 x Thunderbolt / USB 4 Ports (Supports Charging, DisplayPort, Thunderbolt 3 (Upto 40 Gbps), USB 3.1 (2nd Gen, Upto 10 Gbps))"
        }
      ]
    },
    {
      "title": "Display And Audio Features",
      "details": [
        {
          "property": "Touchscreen",
          "value": "No"
        },
        {
          "property": "Screen Size",
          "value": "33.78 cm (13.3 inch)"
        },
        {
          "property": "Screen Resolution",
          "value": "2560 x 1600 Pixel"
        },
        {
          "property": "Screen Type",
          "value": "Quad LED Backlit IPS Display (227 PPI, 400 nits Brightness, Wide Colour (P3), True Tone Technology)"
        },
        {
          "property": "Speakers",
          "value": "Built-in Speakers"
        },
        {
          "property": "Internal Mic",
          "value": "Three-mic Array with Directional Beamforming"
        },
        {
          "property": "Sound Properties",
          "value": "Stereo Speakers, Wide Stereo Sound, Support for Dolby Atmos Playback"
        }
      ]
    },
    {
      "title": "Connectivity Features",
      "details": [
        {
          "property": "Wireless LAN",
          "value": "IEEE 802.11ax (Wi-Fi 6)"
        },
        {
          "property": "Bluetooth",
          "value": "v5.0"
        }
      ]
    },
    {
      "title": "Dimensions",
      "details": [
        {
          "property": "Dimensions",
          "value": "304.1 x 212.4 x 10.9 mm"
        },
        {
          "property": "Weight",
          "value": "1.29 kg"
        }
      ]
    },
    {
      "title": "Additional Features",
      "details": [
        {
          "property": "Disk Drive",
          "value": "Not Available"
        },
        {
          "property": "Web Camera",
          "value": "720p FaceTime HD Webcam"
        },
        {
          "property": "Keyboard",
          "value": "Backlit Magic Keyboard"
        },
        {
          "property": "Pointer Device",
          "value": "Force Touch Trackpad"
        },
        {
          "property": "Included Software",
          "value": "Built-in Apps: iMovie, Siri, GarageBand, Pages, Numbers, Photos, Keynote, Safari, Mail, FaceTime, Messages, Maps, Stocks, Home, Voice Memos, Notes, Calendar, Contacts, Reminders, Photo Booth, Preview, Books, App Store, Time Machine, TV, Music, Podcasts, Find My, QuickTime Player"
        },
        {
          "property": "Additional Features",
          "value": "49.9 WHr Li-polymer Battery"
        }
      ]
    },
    {
      "title": "Warranty",
      "details": [
        {
          "property": "Warranty Summary",
          "value": "1 Year Limited Warra­nty"
        },
        {
          "property": "Warranty Service Type",
          "value": "Onsite"
        },
        {
          "property": "Covered in Warranty",
          "value": "Manufacturing Defects"
        },
        {
          "property": "Not Covered in Warranty",
          "value": "Physical Damage"
        },
        {
          "property": "Domestic Warranty",
          "value": "1 Year"
        }
      ]
    }
  ]
}